{
  "RMSE":0.1795709693,
  "MAPE_%":1.4374191354
}