{
  "RMSE":5.1418433169,
  "MAPE_%":14.2004813911
}